Designator,Mid X,Mid Y,Rotation,Layer
C1_4,131.25,-160.35,0.0,top
C1_3,181.25,-160.35,0.0,top
C1_2,168.85,-139.75,180.0,top
C1,118.85,-139.75,180.0,top
C10_4,131.25,-173.85,0.0,top
C10_3,181.25,-173.85,0.0,top
C10_2,168.85,-126.25,180.0,top
C10,118.85,-126.25,180.0,top
C11_4,181.25,-166.65,180.0,top
C11_3,131.25,-166.65,180.0,top
C11_2,168.85,-133.45,0.0,top
C11,118.85,-133.45,0.0,top
C12_4,136.6,-173.05,90.0,top
C12_3,186.6,-173.05,90.0,top
C12_2,163.5,-127.05,270.0,top
C12,113.5,-127.05,270.0,top
C13_4,136.6,-167.45,270.0,top
C13_3,186.6,-167.45,270.0,top
C13_2,163.5,-132.65,90.0,top
C13,113.5,-132.65,90.0,top
C14_4,174.1,-171.5,0.0,top
C14_3,124.1,-171.5,0.0,top
C14_2,176.0,-128.6,180.0,top
C14,126.0,-128.6,180.0,top
C15_4,179.5,-167.7,270.0,top
C15_3,129.5,-167.7,270.0,top
C15_2,170.6,-132.4,90.0,top
C15,120.6,-132.4,90.0,top
C16_4,183.1,-166.65,0.0,top
C16_3,133.1,-166.65,0.0,top
C16_2,167.0,-133.45,180.0,top
C16,117.0,-133.45,180.0,top
C17_4,187.55,-167.45,90.0,top
C17_3,137.55,-167.45,90.0,top
C17_2,162.55,-132.65,270.0,top
C17,112.55,-132.65,270.0,top
C18_4,137.55,-173.05,270.0,top
C18_3,187.55,-173.05,270.0,top
C18_2,162.55,-127.05,90.0,top
C18,112.55,-127.05,90.0,top
C19_4,115.45,-167.2,90.0,top
C19_3,165.45,-167.2,90.0,top
C19_2,184.65,-132.9,270.0,top
C19,134.65,-132.9,270.0,top
C2_4,181.25,-153.15,180.0,top
C2_3,131.25,-153.15,180.0,top
C2_2,168.85,-146.95,0.0,top
C2,118.85,-146.95,0.0,top
C20_4,165.15,-161.95,180.0,top
C20_3,115.15,-161.95,180.0,top
C20_2,184.95,-138.15,0.0,top
C20,134.95,-138.15,0.0,top
C21_4,165.55,-163.15,180.0,top
C21_3,115.55,-163.15,180.0,top
C21_2,184.55,-136.95,0.0,top
C21,134.55,-136.95,0.0,top
C22_4,162.15,-164.15,0.0,top
C22_3,112.15,-164.15,0.0,top
C22_2,187.95,-135.95,180.0,top
C22,137.95,-135.95,180.0,top
C23_4,116.75,-167.2,270.0,top
C23_3,166.75,-167.2,270.0,top
C23_2,183.35,-132.9,90.0,top
C23,133.35,-132.9,90.0,top
C24_4,164.3,-175.15,90.0,top
C24_3,114.3,-175.15,90.0,top
C24_2,185.8,-124.95,270.0,top
C24,135.8,-124.95,270.0,top
C25_4,164.0,-169.9,180.0,top
C25_3,114.0,-169.9,180.0,top
C25_2,186.1,-130.2,0.0,top
C25,136.1,-130.2,0.0,top
C26_4,164.4,-171.1,180.0,top
C26_3,114.4,-171.1,180.0,top
C26_2,185.7,-129.0,0.0,top
C26,135.7,-129.0,0.0,top
C27_4,160.4,-171.95,0.0,top
C27_3,110.4,-171.95,0.0,top
C27_2,189.7,-128.15,180.0,top
C27,139.7,-128.15,180.0,top
C28_4,165.6,-175.15,270.0,top
C28_3,115.6,-175.15,270.0,top
C28_2,184.5,-124.95,90.0,top
C28,134.5,-124.95,90.0,top
C29_4,177.75,-179.75,90.0,top
C29_3,127.75,-179.75,90.0,top
C29_2,172.35,-120.35,270.0,top
C29,122.35,-120.35,270.0,top
C3_4,186.6,-159.55,90.0,top
C3_3,136.6,-159.55,90.0,top
C3_2,163.5,-140.55,270.0,top
C3,113.5,-140.55,270.0,top
C30_4,176.55,-177.2,270.0,top
C30_3,126.55,-177.2,270.0,top
C30_2,173.55,-122.9,90.0,top
C30,123.55,-122.9,90.0,top
C31_4,108.4,-185.2,180.0,top
C31_3,158.4,-185.2,180.0,top
C31_2,191.7,-114.9,0.0,top
C31,141.7,-114.9,0.0,top
C32_4,106.5,-185.2,0.0,top
C32_3,156.5,-185.2,0.0,top
C32_2,193.6,-114.9,180.0,top
C32,143.6,-114.9,180.0,top
C33_4,133.8,-195.05,90.0,top
C33_3,183.8,-195.05,90.0,top
C33_2,166.3,-105.05,270.0,top
C33,116.3,-105.05,270.0,top
C34_4,183.55,-197.45,270.0,top
C34_3,133.55,-197.45,270.0,top
C34_2,166.55,-102.65,90.0,top
C34,116.55,-102.65,90.0,top
C35_4,116.65,-198.75,270.0,top
C35_3,166.65,-198.75,270.0,top
C35_2,183.45,-101.35,90.0,top
C35,133.45,-101.35,90.0,top
C36_4,116.65,-196.9,90.0,top
C36_3,166.65,-196.9,90.0,top
C36_2,183.45,-103.2,270.0,top
C36,133.45,-103.2,270.0,top
C37_4,152.9,-185.35,270.0,top
C37_3,102.9,-185.35,270.0,top
C37_2,197.2,-114.75,90.0,top
C37,147.2,-114.75,90.0,top
C38_4,102.9,-189.75,270.0,top
C38_3,152.9,-189.75,270.0,top
C38_2,197.2,-110.35,90.0,top
C38,147.2,-110.35,90.0,top
C39_4,141.8,-152.95,180.0,top
C39_3,191.8,-152.95,180.0,top
C39_2,158.3,-147.15,0.0,top
C39,108.3,-147.15,0.0,top
C4_4,186.6,-153.95,270.0,top
C4_3,136.6,-153.95,270.0,top
C4_2,163.5,-146.15,90.0,top
C4,113.5,-146.15,90.0,top
C40_4,191.8,-154.45,180.0,top
C40_3,141.8,-154.45,180.0,top
C40_2,158.3,-145.65,0.0,top
C40,108.3,-145.65,0.0,top
C41_4,141.8,-159.05,180.0,top
C41_3,191.8,-159.05,180.0,top
C41_2,158.3,-141.05,0.0,top
C41,108.3,-141.05,0.0,top
C42_4,141.8,-160.55,180.0,top
C42_3,191.8,-160.55,180.0,top
C42_2,158.3,-139.55,0.0,top
C42,108.3,-139.55,0.0,top
C43_4,141.8,-166.45,180.0,top
C43_3,191.8,-166.45,180.0,top
C43_2,158.3,-133.65,0.0,top
C43,108.3,-133.65,0.0,top
C44_4,141.8,-167.95,180.0,top
C44_3,191.8,-167.95,180.0,top
C44_2,158.3,-132.15,0.0,top
C44,108.3,-132.15,0.0,top
C45_4,191.8,-172.55,180.0,top
C45_3,141.8,-172.55,180.0,top
C45_2,158.3,-127.55,0.0,top
C45,108.3,-127.55,0.0,top
C46_4,191.8,-174.05,180.0,top
C46_3,141.8,-174.05,180.0,top
C46_2,158.3,-126.05,0.0,top
C46,108.3,-126.05,0.0,top
C5_4,125.2,-155.1,90.0,top
C5_3,175.2,-155.1,90.0,top
C5_2,174.9,-145.0,270.0,top
C5,124.9,-145.0,270.0,top
C6_4,129.5,-154.2,270.0,top
C6_3,179.5,-154.2,270.0,top
C6_2,170.6,-145.9,90.0,top
C6,120.6,-145.9,90.0,top
C7_4,133.1,-153.15,0.0,top
C7_3,183.1,-153.15,0.0,top
C7_2,167.0,-146.95,180.0,top
C7,117.0,-146.95,180.0,top
C8_4,137.55,-153.95,90.0,top
C8_3,187.55,-153.95,90.0,top
C8_2,162.55,-146.15,270.0,top
C8,112.55,-146.15,270.0,top
C9_4,137.55,-159.55,270.0,top
C9_3,187.55,-159.55,270.0,top
C9_2,162.55,-140.55,90.0,top
C9,112.55,-140.55,90.0,top
D1_4,148.95,-189.4,270.0,top
D1_3,198.95,-189.4,270.0,top
D1_2,151.15,-110.7,90.0,top
D1,101.15,-110.7,90.0,top
D2_4,154.7,-192.95,90.0,top
D2_3,104.7,-192.95,90.0,top
D2_2,195.4,-107.15,270.0,top
D2,145.4,-107.15,270.0,top
D3_4,158.1,-192.95,90.0,top
D3_3,108.1,-192.95,90.0,top
D3_2,192.0,-107.15,270.0,top
D3,142.0,-107.15,270.0,top
D4_4,100.95,-184.95,90.0,top
D4_3,150.95,-184.95,90.0,top
D4_2,199.15,-115.15,270.0,top
D4,149.15,-115.15,270.0,top
D5_4,100.95,-189.35,90.0,top
D5_3,150.95,-189.35,90.0,top
D5_2,199.15,-110.75,270.0,top
D5,149.15,-110.75,270.0,top
D6_4,190.0,-182.75,0.0,top
D6_3,140.0,-182.75,0.0,top
D6_2,160.1,-117.35,180.0,top
D6,110.1,-117.35,180.0,top
D7_4,140.0,-179.35,0.0,top
D7_3,190.0,-179.35,0.0,top
D7_2,160.1,-120.75,180.0,top
D7,110.1,-120.75,180.0,top
D8_4,163.9,-181.6,270.0,top
D8_3,113.9,-181.6,270.0,top
D8_2,186.2,-118.5,90.0,top
D8,136.2,-118.5,90.0,top
D9_4,160.65,-179.15,270.0,top
D9_3,110.65,-179.15,270.0,top
D9_2,189.45,-120.95,90.0,top
D9,139.45,-120.95,90.0,top
F1_4,165.9,-152.9,0.0,top
F1_3,115.9,-152.9,0.0,top
F1_2,184.2,-147.2,180.0,top
F1,134.2,-147.2,180.0,top
F2_4,115.9,-158.45,0.0,top
F2_3,165.9,-158.45,0.0,top
F2_2,184.2,-141.65,180.0,top
F2,134.2,-141.65,180.0,top
H1_4,163.1,-189.1,180.0,top
H1_3,113.1,-189.1,180.0,top
H1_2,187.0,-111.0,0.0,top
H1,137.0,-111.0,0.0,top
H2_4,187.1,-189.1,180.0,top
H2_3,137.1,-189.1,180.0,top
H2_2,163.0,-111.0,0.0,top
H2,113.0,-111.0,0.0,top
H3_4,175.1,-164.1,180.0,top
H3_3,125.1,-164.1,180.0,top
H3_2,175.0,-136.0,0.0,top
H3,125.0,-136.0,0.0,top
J1_4,105.2,-163.9,90.0,top
J1_3,155.2,-163.9,90.0,top
J1_2,194.9,-136.2,270.0,top
J1,144.9,-136.2,270.0,top
J2_4,105.2,-154.7,90.0,top
J2_3,155.2,-154.7,90.0,top
J2_2,194.9,-145.4,270.0,top
J2,144.9,-145.4,270.0,top
J3_4,194.65,-196.4,0.0,top
J3_3,144.65,-196.4,0.0,top
J3_2,155.45,-103.7,180.0,top
J3,105.45,-103.7,180.0,top
J4_4,184.125,-179.65,90.0,top
J4_3,134.125,-179.65,90.0,top
J4_2,165.975,-120.45,270.0,top
J4,115.975,-120.45,270.0,top
J5_4,105.8,-198.2,90.0,top
J5_3,155.8,-198.2,90.0,top
J5_2,194.3,-101.9,270.0,top
J5,144.3,-101.9,270.0,top
J6_4,146.2,-156.8,90.0,top
J6_3,196.2,-156.8,90.0,top
J6_2,153.9,-143.3,270.0,top
J6,103.9,-143.3,270.0,top
J7_4,146.2,-170.25,90.0,top
J7_3,196.2,-170.25,90.0,top
J7_2,153.9,-129.85,270.0,top
J7,103.9,-129.85,270.0,top
J8_4,196.8,-181.05,270.0,top
J8_3,146.8,-181.05,270.0,top
J8_2,153.3,-119.05,90.0,top
J8,103.3,-119.05,90.0,top
J9_4,169.41,-177.85,90.0,top
J9_3,119.41,-177.85,90.0,top
J9_2,180.69,-122.25,270.0,top
J9,130.69,-122.25,270.0,top
JP1_4,177.05,-158.0,180.0,bottom
JP1_3,127.05,-158.0,180.0,bottom
JP1_2,173.05,-142.1,0.0,bottom
JP1,123.05,-142.1,0.0,bottom
JP2_4,177.05,-155.5,180.0,bottom
JP2_3,127.05,-155.5,180.0,bottom
JP2_2,173.05,-144.6,0.0,bottom
JP2,123.05,-144.6,0.0,bottom
JP3_4,130.45,-164.1,270.0,bottom
JP3_3,180.45,-164.1,270.0,bottom
JP3_2,169.65,-136.0,90.0,bottom
JP3,119.65,-136.0,90.0,bottom
JP4_4,132.95,-164.1,270.0,bottom
JP4_3,182.95,-164.1,270.0,bottom
JP4_2,167.15,-136.0,90.0,bottom
JP4,117.15,-136.0,90.0,bottom
L1_4,162.7,-166.75,180.0,top
L1_3,112.7,-166.75,180.0,top
L1_2,187.4,-133.35,0.0,top
L1,137.4,-133.35,0.0,top
L10_4,191.8,-175.55,0.0,top
L10_3,141.8,-175.55,0.0,top
L10_2,158.3,-124.55,180.0,top
L10,108.3,-124.55,180.0,top
L11_4,191.8,-171.05,0.0,top
L11_3,141.8,-171.05,0.0,top
L11_2,158.3,-129.05,180.0,top
L11,108.3,-129.05,180.0,top
L12_4,141.8,-169.45,0.0,top
L12_3,191.8,-169.45,0.0,top
L12_2,158.3,-130.65,180.0,top
L12,108.3,-130.65,180.0,top
L13_4,141.8,-164.95,0.0,top
L13_3,191.8,-164.95,0.0,top
L13_2,158.3,-135.15,180.0,top
L13,108.3,-135.15,180.0,top
L14_4,119.35,-174.6,270.0,top
L14_3,169.35,-174.6,270.0,top
L14_2,180.75,-125.5,90.0,top
L14,130.75,-125.5,90.0,top
L2_4,111.55,-174.7,180.0,top
L2_3,161.55,-174.7,180.0,top
L2_2,188.55,-125.4,0.0,top
L2,138.55,-125.4,0.0,top
L3_4,179.75,-180.5,0.0,top
L3_3,129.75,-180.5,0.0,top
L3_2,170.35,-119.6,180.0,top
L3,120.35,-119.6,180.0,top
L4_4,129.75,-179.0,0.0,top
L4_3,179.75,-179.0,0.0,top
L4_2,170.35,-121.1,180.0,top
L4,120.35,-121.1,180.0,top
L5_4,101.75,-195.65,180.0,top
L5_3,151.75,-195.65,180.0,top
L5_2,198.35,-104.45,0.0,top
L5,148.35,-104.45,0.0,top
L6_4,191.8,-162.05,0.0,top
L6_3,141.8,-162.05,0.0,top
L6_2,158.3,-138.05,180.0,top
L6,108.3,-138.05,180.0,top
L7_4,191.8,-157.55,0.0,top
L7_3,141.8,-157.55,0.0,top
L7_2,158.3,-142.55,180.0,top
L7,108.3,-142.55,180.0,top
L8_4,191.8,-155.95,0.0,top
L8_3,141.8,-155.95,0.0,top
L8_2,158.3,-144.15,180.0,top
L8,108.3,-144.15,180.0,top
L9_4,141.8,-151.45,0.0,top
L9_3,191.8,-151.45,0.0,top
L9_2,158.3,-148.65,180.0,top
L9,108.3,-148.65,180.0,top
Q1_4,179.3,-176.55,180.0,top
Q1_3,129.3,-176.55,180.0,top
Q1_2,170.8,-123.55,0.0,top
Q1,120.8,-123.55,0.0,top
R1_4,139.15,-159.65,270.0,top
R1_3,189.15,-159.65,270.0,top
R1_2,160.95,-140.45,90.0,top
R1,110.95,-140.45,90.0,top
R10_4,193.25,-190.1,90.0,top
R10_3,143.25,-190.1,90.0,top
R10_2,156.85,-110.0,270.0,top
R10,106.85,-110.0,270.0,top
R11_4,147.05,-190.1,90.0,top
R11_3,197.05,-190.1,90.0,top
R11_2,153.05,-110.0,270.0,top
R11,103.05,-110.0,270.0,top
R12_4,125.6,-177.2,90.0,top
R12_3,175.6,-177.2,90.0,top
R12_2,174.5,-122.9,270.0,top
R12,124.5,-122.9,270.0,top
R13_4,158.4,-189.2,180.0,top
R13_3,108.4,-189.2,180.0,top
R13_2,191.7,-110.9,0.0,top
R13,141.7,-110.9,0.0,top
R14_4,106.51,-189.2,0.0,top
R14_3,156.51,-189.2,0.0,top
R14_2,193.59,-110.9,180.0,top
R14,143.59,-110.9,180.0,top
R15_4,155.2,-187.8,270.0,top
R15_3,105.2,-187.8,270.0,top
R15_2,194.9,-112.3,90.0,top
R15,144.9,-112.3,90.0,top
R16_4,104.75,-195.65,0.0,top
R16_3,154.75,-195.65,0.0,top
R16_2,195.35,-104.45,180.0,top
R16,145.35,-104.45,180.0,top
R17_4,158.1,-195.65,0.0,top
R17_3,108.1,-195.65,0.0,top
R17_2,192.0,-104.45,180.0,top
R17,142.0,-104.45,180.0,top
R18_4,175.2,-183.35,90.0,top
R18_3,125.2,-183.35,90.0,top
R18_2,174.9,-116.75,270.0,top
R18,124.9,-116.75,270.0,top
R19_4,174.15,-183.35,90.0,top
R19_3,124.15,-183.35,90.0,top
R19_2,175.95,-116.75,270.0,top
R19,125.95,-116.75,270.0,top
R2_4,189.15,-153.85,90.0,top
R2_3,139.15,-153.85,90.0,top
R2_2,160.95,-146.25,270.0,top
R2,110.95,-146.25,270.0,top
R20_4,115.7,-196.9,90.0,top
R20_3,165.7,-196.9,90.0,top
R20_2,184.4,-103.2,270.0,top
R20,134.4,-103.2,270.0,top
R21_4,126.6,-183.8,0.0,top
R21_3,176.6,-183.8,0.0,top
R21_2,173.5,-116.3,180.0,top
R21,123.5,-116.3,180.0,top
R22_4,142.7,-179.35,270.0,top
R22_3,192.7,-179.35,270.0,top
R22_2,157.4,-120.75,90.0,top
R22,107.4,-120.75,90.0,top
R23_4,142.7,-182.75,270.0,top
R23_3,192.7,-182.75,270.0,top
R23_2,157.4,-117.35,90.0,top
R23,107.4,-117.35,90.0,top
R24_4,163.1,-177.8,90.0,top
R24_3,113.1,-177.8,90.0,top
R24_2,187.0,-122.3,270.0,top
R24,137.0,-122.3,270.0,top
R25_4,167.1,-180.4,0.0,top
R25_3,117.1,-180.4,0.0,top
R25_2,183.0,-119.7,180.0,top
R25,133.0,-119.7,180.0,top
R3_4,139.15,-173.15,270.0,top
R3_3,189.15,-173.15,270.0,top
R3_2,160.95,-126.95,90.0,top
R3,110.95,-126.95,90.0,top
R4_4,189.15,-167.35,90.0,top
R4_3,139.15,-167.35,90.0,top
R4_2,160.95,-132.75,270.0,top
R4,110.95,-132.75,270.0,top
R5_4,168.55,-166.9,0.0,top
R5_3,118.55,-166.9,0.0,top
R5_2,181.55,-133.2,180.0,top
R5,131.55,-133.2,180.0,top
R6_4,168.55,-165.95,0.0,top
R6_3,118.55,-165.95,0.0,top
R6_2,181.55,-134.15,180.0,top
R6,131.55,-134.15,180.0,top
R7_4,118.55,-163.95,0.0,top
R7_3,168.55,-163.95,0.0,top
R7_2,181.55,-136.15,180.0,top
R7,131.55,-136.15,180.0,top
R8_4,167.4,-174.85,0.0,top
R8_3,117.4,-174.85,0.0,top
R8_2,182.7,-125.25,180.0,top
R8,132.7,-125.25,180.0,top
R9_4,167.4,-173.9,0.0,top
R9_3,117.4,-173.9,0.0,top
R9_2,182.7,-126.2,180.0,top
R9,132.7,-126.2,180.0,top
SW1_4,104.1,-175.5,90.0,top
SW1_3,154.1,-175.5,90.0,top
SW1_2,196.0,-124.6,270.0,top
SW1,146.0,-124.6,270.0,top
SW2_4,113.55,-197.5,180.0,top
SW2_3,163.55,-197.5,180.0,top
SW2_2,186.55,-102.6,0.0,top
SW2,136.55,-102.6,0.0,top
SW3_4,186.2,-197.5,180.0,top
SW3_3,136.2,-197.5,180.0,top
SW3_2,163.9,-102.6,0.0,top
SW3,113.9,-102.6,0.0,top
TP1_4,109.05,-162.85,180.0,bottom
TP1_3,159.05,-162.85,180.0,bottom
TP1_2,191.05,-137.25,0.0,bottom
TP1,141.05,-137.25,0.0,bottom
TP10_4,160.65,-179.85,180.0,bottom
TP10_3,110.65,-179.85,180.0,bottom
TP10_2,189.45,-120.25,0.0,bottom
TP10,139.45,-120.25,0.0,bottom
TP11_4,163.9,-182.3,180.0,bottom
TP11_3,113.9,-182.3,180.0,bottom
TP11_2,186.2,-117.8,0.0,bottom
TP11,136.2,-117.8,0.0,bottom
TP12_4,140.25,-168.6,180.0,bottom
TP12_3,190.25,-168.6,180.0,bottom
TP12_2,159.85,-131.5,0.0,bottom
TP12,109.85,-131.5,0.0,bottom
TP13_4,141.15,-165.05,180.0,bottom
TP13_3,191.15,-165.05,180.0,bottom
TP13_2,158.95,-135.05,0.0,bottom
TP13,108.95,-135.05,0.0,bottom
TP14_4,173.9,-183.85,180.0,bottom
TP14_3,123.9,-183.85,180.0,bottom
TP14_2,176.2,-116.25,0.0,bottom
TP14,126.2,-116.25,0.0,bottom
TP15_4,192.3,-162.8,180.0,bottom
TP15_3,142.3,-162.8,180.0,bottom
TP15_2,157.8,-137.3,0.0,bottom
TP15,107.8,-137.3,0.0,bottom
TP16_4,171.05,-182.85,180.0,bottom
TP16_3,121.05,-182.85,180.0,bottom
TP16_2,179.05,-117.25,0.0,bottom
TP16,129.05,-117.25,0.0,bottom
TP17_4,171.7,-185.75,180.0,bottom
TP17_3,121.7,-185.75,180.0,bottom
TP17_2,178.4,-114.35,0.0,bottom
TP17,128.4,-114.35,0.0,bottom
TP18_4,183.65,-174.75,180.0,bottom
TP18_3,133.65,-174.75,180.0,bottom
TP18_2,166.45,-125.35,0.0,bottom
TP18,116.45,-125.35,0.0,bottom
TP19_4,136.0,-175.65,180.0,bottom
TP19_3,186.0,-175.65,180.0,bottom
TP19_2,164.1,-124.45,0.0,bottom
TP19,114.1,-124.45,0.0,bottom
TP2_4,109.0,-168.8,180.0,bottom
TP2_3,159.0,-168.8,180.0,bottom
TP2_2,191.1,-131.3,0.0,bottom
TP2,141.1,-131.3,0.0,bottom
TP21_4,185.8,-165.3,180.0,bottom
TP21_3,135.8,-165.3,180.0,bottom
TP21_2,164.3,-134.8,0.0,bottom
TP21,114.3,-134.8,0.0,bottom
TP22_4,178.5,-185.75,180.0,bottom
TP22_3,128.5,-185.75,180.0,bottom
TP22_2,171.6,-114.35,0.0,bottom
TP22,121.6,-114.35,0.0,bottom
TP23_4,126.35,-184.45,180.0,bottom
TP23_3,176.35,-184.45,180.0,bottom
TP23_2,173.75,-115.65,0.0,bottom
TP23,123.75,-115.65,0.0,bottom
TP3_4,130.05,-176.55,180.0,bottom
TP3_3,180.05,-176.55,180.0,bottom
TP3_2,170.05,-123.55,0.0,bottom
TP3,120.05,-123.55,0.0,bottom
TP4_4,117.6,-185.5,180.0,bottom
TP4_3,167.6,-185.5,180.0,bottom
TP4_2,182.5,-114.6,0.0,bottom
TP4,132.5,-114.6,0.0,bottom
TP5_4,103.35,-187.7,180.0,bottom
TP5_3,153.35,-187.7,180.0,bottom
TP5_2,196.75,-112.4,0.0,bottom
TP5,146.75,-112.4,0.0,bottom
TP6_4,117.6,-190.5,180.0,bottom
TP6_3,167.6,-190.5,180.0,bottom
TP6_2,182.5,-109.6,0.0,bottom
TP6,132.5,-109.6,0.0,bottom
TP7_4,167.6,-188.0,180.0,bottom
TP7_3,117.6,-188.0,180.0,bottom
TP7_2,182.5,-112.1,0.0,bottom
TP7,132.5,-112.1,0.0,bottom
TP8_4,191.4,-179.8,180.0,bottom
TP8_3,141.4,-179.8,180.0,bottom
TP8_2,158.7,-120.3,0.0,bottom
TP8,108.7,-120.3,0.0,bottom
TP9_4,141.4,-182.3,180.0,bottom
TP9_3,191.4,-182.3,180.0,bottom
TP9_2,158.7,-117.8,0.0,bottom
TP9,108.7,-117.8,0.0,bottom
U1_4,133.35,-156.75,270.0,top
U1_3,183.35,-156.75,270.0,top
U1_2,166.75,-143.35,90.0,top
U1,116.75,-143.35,90.0,top
U2_4,133.35,-170.25,270.0,top
U2_3,183.35,-170.25,270.0,top
U2_2,166.75,-129.85,90.0,top
U2,116.75,-129.85,90.0,top
U3_4,116.3,-164.95,270.0,top
U3_3,166.3,-164.95,270.0,top
U3_2,183.8,-135.15,90.0,top
U3,133.8,-135.15,90.0,top
U4_4,165.15,-172.9,270.0,top
U4_3,115.15,-172.9,270.0,top
U4_2,184.95,-127.2,90.0,top
U4,134.95,-127.2,90.0,top
U5_4,195.15,-190.1,90.0,top
U5_3,145.15,-190.1,90.0,top
U5_2,154.95,-110.0,270.0,top
U5,104.95,-110.0,270.0,top
U6_4,157.45,-187.2,180.0,top
U6_3,107.45,-187.2,180.0,top
U6_2,192.65,-112.9,0.0,top
U6,142.65,-112.9,0.0,top
U7_4,125.1,-194.8,180.0,top
U7_3,175.1,-194.8,180.0,top
U7_2,175.0,-105.3,0.0,top
U7,125.0,-105.3,0.0,top
